countyID,party,candidate,votes
19001,Republican,Ted Cruz,104
19001,Republican,Donald Trump,104
19001,Republican,Marco Rubio,80
19001,Republican,Ben Carson,61
19001,Republican,Carly Fiorina,16
19001,Republican,Rand Paul,12
19001,Republican,Mike Huckabee,11
19001,Republican,Rick Santorum,7
19001,Republican,Jeb Bush,4
19001,Republican,Chris Christie,4
19001,Republican,John Kasich,2
19001,Democrat,Hillary Clinton,168
19001,Democrat,Bernie Sanders,132
19001,Democrat,Martin O'Malley,0
19001,Democrat, Uncommitted,0
19003,Republican,Ted Cruz,81
19003,Republican,Donald Trump,68
19003,Republican,Marco Rubio,47
19003,Republican,Ben Carson,30
19003,Republican,Carly Fiorina,16
19003,Republican,John Kasich,10
19003,Republican,Rand Paul,8
19003,Republican,Jeb Bush,7
19003,Republican,Mike Huckabee,3
19003,Republican,Chris Christie,1
19003,Republican,Rick Santorum,1
19003,Democrat,Hillary Clinton,113
19003,Democrat,Bernie Sanders,86
19003,Democrat,Martin O'Malley,0
19003,Democrat, Uncommitted,0
19005,Republican,Ted Cruz,183
19005,Republican,Donald Trump,193
19005,Republican,Marco Rubio,131
19005,Republican,Ben Carson,77
19005,Republican,Carly Fiorina,54
19005,Republican,Rand Paul,16
19005,Republican,Jeb Bush,11
19005,Republican,Mike Huckabee,9
19005,Republican,Rick Santorum,6
19005,Republican,Chris Christie,4
19005,Republican,John Kasich,2
19005,Democrat,Hillary Clinton,304
19005,Democrat,Bernie Sanders,296
19005,Democrat,Martin O'Malley,0
19005,Democrat, Uncommitted,0
19007,Republican,Ted Cruz,269
19007,Republican,Donald Trump,292
19007,Republican,Ben Carson,92
19007,Republican,Marco Rubio,90
19007,Republican,Mike Huckabee,44
19007,Republican,Rand Paul,20
19007,Republican,Jeb Bush,13
19007,Republican,Carly Fiorina,9
19007,Republican,Chris Christie,4
19007,Republican,John Kasich,4
19007,Republican,Rick Santorum,2
19007,Democrat,Hillary Clinton,273
19007,Democrat,Bernie Sanders,226
19007,Democrat,Martin O'Malley,0
19007,Democrat, Uncommitted,0
19009,Republican,Ted Cruz,135
19009,Republican,Donald Trump,99
19009,Republican,Marco Rubio,56
19009,Republican,Ben Carson,33
19009,Republican,Mike Huckabee,20
19009,Republican,Rand Paul,11
19009,Republican,Jeb Bush,10
19009,Republican,John Kasich,5
19009,Republican,Carly Fiorina,4
19009,Republican,Chris Christie,1
19009,Republican,Rick Santorum,0
19009,Democrat,Hillary Clinton,187
19009,Democrat,Bernie Sanders,112
19009,Democrat,Martin O'Malley,0
19009,Democrat, Uncommitted,0
19011,Republican,Ted Cruz,596
19011,Republican,Donald Trump,410
19011,Republican,Marco Rubio,246
19011,Republican,Ben Carson,171
19011,Republican,Rand Paul,72
19011,Republican,Carly Fiorina,35
19011,Republican,Mike Huckabee,34
19011,Republican,John Kasich,27
19011,Republican,Chris Christie,23
19011,Republican,Jeb Bush,11
19011,Republican,Rick Santorum,9
19011,Democrat,Hillary Clinton,672
19011,Democrat,Bernie Sanders,528
19011,Democrat,Martin O'Malley,0
19011,Democrat, Uncommitted,0
19013,Republican,Ted Cruz,1585
19013,Republican,Marco Rubio,1551
19013,Republican,Donald Trump,1360
19013,Republican,Ben Carson,497
19013,Republican,Rand Paul,357
19013,Republican,Jeb Bush,178
19013,Republican,Carly Fiorina,131
19013,Republican,Chris Christie,104
19013,Republican,Mike Huckabee,72
19013,Republican,John Kasich,53
19013,Republican,Rick Santorum,20
19013,Democrat,Hillary Clinton,3220
19013,Democrat,Bernie Sanders,3647
19013,Democrat,Martin O'Malley,16
19013,Democrat, Uncommitted,16
19015,Republican,Ted Cruz,566
19015,Republican,Donald Trump,412
19015,Republican,Marco Rubio,320
19015,Republican,Ben Carson,177
19015,Republican,Rand Paul,96
19015,Republican,Mike Huckabee,67
19015,Republican,Chris Christie,40
19015,Republican,Jeb Bush,31
19015,Republican,John Kasich,22
19015,Republican,Rick Santorum,19
19015,Republican,Carly Fiorina,7
19015,Democrat,Hillary Clinton,585
19015,Democrat,Bernie Sanders,715
19015,Democrat,Martin O'Malley,0
19015,Democrat, Uncommitted,0
19017,Republican,Ted Cruz,408
19017,Republican,Marco Rubio,389
19017,Republican,Donald Trump,347
19017,Republican,Ben Carson,134
19017,Republican,John Kasich,50
19017,Republican,Rand Paul,46
19017,Republican,Jeb Bush,38
19017,Republican,Carly Fiorina,24
19017,Republican,Mike Huckabee,19
19017,Republican,Rick Santorum,19
19017,Republican,Chris Christie,16
19017,Democrat,Hillary Clinton,640
19017,Democrat,Bernie Sanders,544
19017,Democrat,Martin O'Malley,16
19017,Democrat, Uncommitted,0
19019,Republican,Ted Cruz,308
19019,Republican,Donald Trump,217
19019,Republican,Marco Rubio,110
19019,Republican,Ben Carson,82
19019,Republican,Rand Paul,35
19019,Republican,Carly Fiorina,31
19019,Republican,Chris Christie,15
19019,Republican,Mike Huckabee,15
19019,Republican,Jeb Bush,14
19019,Republican,John Kasich,6
19019,Republican,Rick Santorum,4
19019,Democrat,Hillary Clinton,525
19019,Democrat,Bernie Sanders,475
19019,Democrat,Martin O'Malley,0
19019,Democrat, Uncommitted,0
19021,Republican,Ted Cruz,309
19021,Republican,Donald Trump,251
19021,Republican,Marco Rubio,221
19021,Republican,Ben Carson,97
19021,Republican,Rand Paul,26
19021,Republican,Jeb Bush,23
19021,Republican,Rick Santorum,22
19021,Republican,Carly Fiorina,20
19021,Republican,Mike Huckabee,18
19021,Republican,John Kasich,15
19021,Republican,Chris Christie,7
19021,Democrat,Hillary Clinton,291
19021,Democrat,Bernie Sanders,291
19021,Democrat,Martin O'Malley,17
19021,Democrat, Uncommitted,0
19023,Republican,Ted Cruz,332
19023,Republican,Donald Trump,220
19023,Republican,Marco Rubio,145
19023,Republican,Ben Carson,108
19023,Republican,Rand Paul,32
19023,Republican,Jeb Bush,24
19023,Republican,Mike Huckabee,21
19023,Republican,Carly Fiorina,18
19023,Republican,Chris Christie,6
19023,Republican,John Kasich,3
19023,Republican,Rick Santorum,1
19023,Democrat,Hillary Clinton,250
19023,Democrat,Bernie Sanders,350
19023,Democrat,Martin O'Malley,0
19023,Democrat, Uncommitted,0
19025,Republican,Ted Cruz,159
19025,Republican,Donald Trump,136
19025,Republican,Marco Rubio,121
19025,Republican,Ben Carson,37
19025,Republican,Mike Huckabee,35
19025,Republican,Rand Paul,20
19025,Republican,Rick Santorum,19
19025,Republican,Jeb Bush,10
19025,Republican,Carly Fiorina,8
19025,Republican,John Kasich,7
19025,Republican,Chris Christie,5
19025,Democrat,Hillary Clinton,200
19025,Democrat,Bernie Sanders,200
19025,Democrat,Martin O'Malley,0
19025,Democrat, Uncommitted,0
19027,Republican,Ted Cruz,256
19027,Republican,Donald Trump,298
19027,Republican,Marco Rubio,230
19027,Republican,Ben Carson,69
19027,Republican,Jeb Bush,60
19027,Republican,Carly Fiorina,44
19027,Republican,Rand Paul,31
19027,Republican,John Kasich,14
19027,Republican,Mike Huckabee,11
19027,Republican,Chris Christie,7
19027,Republican,Rick Santorum,5
19027,Democrat,Hillary Clinton,504
19027,Democrat,Bernie Sanders,296
19027,Democrat,Martin O'Malley,0
19027,Democrat, Uncommitted,0
19029,Republican,Ted Cruz,225
19029,Republican,Donald Trump,262
19029,Republican,Marco Rubio,176
19029,Republican,Ben Carson,142
19029,Republican,Jeb Bush,34
19029,Republican,John Kasich,21
19029,Republican,Mike Huckabee,17
19029,Republican,Chris Christie,15
19029,Republican,Rick Santorum,13
19029,Republican,Carly Fiorina,10
19029,Republican,Rand Paul,9
19029,Democrat,Hillary Clinton,300
19029,Democrat,Bernie Sanders,190
19029,Democrat,Martin O'Malley,10
19029,Democrat, Uncommitted,0
19031,Republican,Ted Cruz,310
19031,Republican,Donald Trump,281
19031,Republican,Marco Rubio,240
19031,Republican,Ben Carson,100
19031,Republican,Rand Paul,43
19031,Republican,John Kasich,26
19031,Republican,Carly Fiorina,19
19031,Republican,Jeb Bush,17
19031,Republican,Mike Huckabee,13
19031,Republican,Chris Christie,9
19031,Republican,Rick Santorum,6
19031,Democrat,Hillary Clinton,354
19031,Democrat,Bernie Sanders,445
19031,Democrat,Martin O'Malley,0
19031,Democrat, Uncommitted,0
19033,Republican,Ted Cruz,655
19033,Republican,Donald Trump,597
19033,Republican,Marco Rubio,446
19033,Republican,Ben Carson,184
19033,Republican,Jeb Bush,119
19033,Republican,Chris Christie,114
19033,Republican,Rand Paul,78
19033,Republican,Carly Fiorina,42
19033,Republican,Mike Huckabee,39
19033,Republican,John Kasich,29
19033,Republican,Rick Santorum,18
19033,Democrat,Hillary Clinton,1091
19033,Democrat,Bernie Sanders,1108
19033,Democrat,Martin O'Malley,0
19033,Democrat, Uncommitted,0
19035,Republican,Ted Cruz,157
19035,Republican,Donald Trump,248
19035,Republican,Marco Rubio,243
19035,Republican,Ben Carson,119
19035,Republican,Mike Huckabee,17
19035,Republican,Jeb Bush,16
19035,Republican,Rand Paul,12
19035,Republican,Carly Fiorina,11
19035,Republican,Chris Christie,5
19035,Republican,John Kasich,5
19035,Republican,Rick Santorum,5
19035,Democrat,Hillary Clinton,181
19035,Democrat,Bernie Sanders,218
19035,Democrat,Martin O'Malley,0
19035,Democrat, Uncommitted,0
19037,Republican,Ted Cruz,161
19037,Republican,Donald Trump,166
19037,Republican,Marco Rubio,143
19037,Republican,Ben Carson,57
19037,Republican,Carly Fiorina,27
19037,Republican,Rand Paul,18
19037,Republican,Jeb Bush,11
19037,Republican,Mike Huckabee,6
19037,Republican,Rick Santorum,6
19037,Republican,John Kasich,3
19037,Republican,Chris Christie,2
19037,Democrat,Hillary Clinton,360
19037,Democrat,Bernie Sanders,233
19037,Democrat,Martin O'Malley,6
19037,Democrat, Uncommitted,0
19039,Republican,Ted Cruz,155
19039,Republican,Donald Trump,202
19039,Republican,Marco Rubio,88
19039,Republican,Ben Carson,56
19039,Republican,Rand Paul,15
19039,Republican,Jeb Bush,12
19039,Republican,Chris Christie,9
19039,Republican,Carly Fiorina,9
19039,Republican,Mike Huckabee,8
19039,Republican,John Kasich,3
19039,Republican,Rick Santorum,0
19039,Democrat,Hillary Clinton,232
19039,Democrat,Bernie Sanders,168
19039,Democrat,Martin O'Malley,0
19039,Democrat, Uncommitted,0
19041,Republican,Ted Cruz,291
19041,Republican,Donald Trump,292
19041,Republican,Ben Carson,155
19041,Republican,Marco Rubio,149
19041,Republican,John Kasich,31
19041,Republican,Rand Paul,28
19041,Republican,Mike Huckabee,25
19041,Republican,Jeb Bush,16
19041,Republican,Chris Christie,15
19041,Republican,Rick Santorum,14
19041,Republican,Carly Fiorina,8
19041,Democrat,Hillary Clinton,296
19041,Democrat,Bernie Sanders,303
19041,Democrat,Martin O'Malley,0
19041,Democrat, Uncommitted,0
19043,Republican,Ted Cruz,298
19043,Republican,Donald Trump,249
19043,Republican,Marco Rubio,109
19043,Republican,Ben Carson,67
19043,Republican,Rand Paul,29
19043,Republican,Jeb Bush,26
19043,Republican,Carly Fiorina,26
19043,Republican,Mike Huckabee,17
19043,Republican,John Kasich,11
19043,Republican,Chris Christie,9
19043,Republican,Rick Santorum,5
19043,Democrat,Hillary Clinton,392
19043,Democrat,Bernie Sanders,408
19043,Democrat,Martin O'Malley,0
19043,Democrat, Uncommitted,0
19045,Republican,Ted Cruz,621
19045,Republican,Donald Trump,709
19045,Republican,Marco Rubio,459
19045,Republican,Ben Carson,159
19045,Republican,Jeb Bush,106
19045,Republican,Rand Paul,94
19045,Republican,Carly Fiorina,70
19045,Republican,John Kasich,41
19045,Republican,Chris Christie,26
19045,Republican,Mike Huckabee,15
19045,Republican,Rick Santorum,6
19045,Democrat,Hillary Clinton,1165
19045,Democrat,Bernie Sanders,1234
19045,Democrat,Martin O'Malley,0
19045,Democrat, Uncommitted,0
19047,Republican,Ted Cruz,226
19047,Republican,Donald Trump,214
19047,Republican,Marco Rubio,114
19047,Republican,Ben Carson,63
19047,Republican,Carly Fiorina,24
19047,Republican,Chris Christie,14
19047,Republican,Jeb Bush,12
19047,Republican,Rand Paul,12
19047,Republican,John Kasich,8
19047,Republican,Mike Huckabee,7
19047,Republican,Rick Santorum,5
19047,Democrat,Hillary Clinton,225
19047,Democrat,Bernie Sanders,208
19047,Democrat,Martin O'Malley,66
19047,Democrat, Uncommitted,0
19049,Republican,Ted Cruz,1691
19049,Republican,Marco Rubio,2469
19049,Republican,Donald Trump,1510
19049,Republican,Ben Carson,489
19049,Republican,Rand Paul,276
19049,Republican,Chris Christie,214
19049,Republican,Jeb Bush,213
19049,Republican,John Kasich,167
19049,Republican,Carly Fiorina,133
19049,Republican,Mike Huckabee,61
19049,Republican,Rick Santorum,58
19049,Democrat,Hillary Clinton,1667
19049,Democrat,Bernie Sanders,1208
19049,Democrat,Martin O'Malley,24
19049,Democrat, Uncommitted,0
19051,Republican,Ted Cruz,168
19051,Republican,Donald Trump,205
19051,Republican,Ben Carson,38
19051,Republican,Mike Huckabee,38
19051,Republican,Marco Rubio,37
19051,Republican,Rand Paul,25
19051,Republican,Jeb Bush,10
19051,Republican,Chris Christie,8
19051,Republican,Carly Fiorina,1
19051,Republican,John Kasich,1
19051,Republican,Rick Santorum,0
19051,Democrat,Hillary Clinton,174
19051,Democrat,Bernie Sanders,126
19051,Democrat,Martin O'Malley,0
19051,Democrat, Uncommitted,0
19053,Republican,Ted Cruz,173
19053,Republican,Donald Trump,127
19053,Republican,Ben Carson,80
19053,Republican,Marco Rubio,73
19053,Republican,Rand Paul,19
19053,Republican,Mike Huckabee,6
19053,Republican,Jeb Bush,5
19053,Republican,Chris Christie,4
19053,Republican,John Kasich,4
19053,Republican,Rick Santorum,4
19053,Republican,Carly Fiorina,2
19053,Democrat,Hillary Clinton,150
19053,Democrat,Bernie Sanders,141
19053,Democrat,Martin O'Malley,4
19053,Democrat, Uncommitted,4
19055,Republican,Ted Cruz,317
19055,Republican,Donald Trump,198
19055,Republican,Marco Rubio,172
19055,Republican,Ben Carson,92
19055,Republican,Carly Fiorina,52
19055,Republican,Rand Paul,27
19055,Republican,Jeb Bush,19
19055,Republican,Mike Huckabee,7
19055,Republican,Chris Christie,5
19055,Republican,Rick Santorum,3
19055,Republican,John Kasich,2
19055,Democrat,Hillary Clinton,440
19055,Democrat,Bernie Sanders,344
19055,Democrat,Martin O'Malley,16
19055,Democrat, Uncommitted,0
19057,Republican,Ted Cruz,613
19057,Republican,Donald Trump,659
19057,Republican,Marco Rubio,451
19057,Republican,Ben Carson,212
19057,Republican,Rand Paul,99
19057,Republican,Chris Christie,35
19057,Republican,Mike Huckabee,31
19057,Republican,John Kasich,20
19057,Republican,Jeb Bush,19
19057,Republican,Carly Fiorina,17
19057,Republican,Rick Santorum,6
19057,Democrat,Hillary Clinton,933
19057,Democrat,Bernie Sanders,1066
19057,Democrat,Martin O'Malley,0
19057,Democrat, Uncommitted,0
19059,Republican,Ted Cruz,260
19059,Republican,Donald Trump,342
19059,Republican,Marco Rubio,286
19059,Republican,Ben Carson,159
19059,Republican,Jeb Bush,46
19059,Republican,Rand Paul,34
19059,Republican,John Kasich,27
19059,Republican,Mike Huckabee,15
19059,Republican,Carly Fiorina,12
19059,Republican,Rick Santorum,12
19059,Republican,Chris Christie,8
19059,Democrat,Hillary Clinton,341
19059,Democrat,Bernie Sanders,358
19059,Democrat,Martin O'Malley,0
19059,Democrat, Uncommitted,0
19061,Republican,Ted Cruz,824
19061,Republican,Donald Trump,1087
19061,Republican,Marco Rubio,1060
19061,Republican,Ben Carson,384
19061,Republican,Rand Paul,230
19061,Republican,Carly Fiorina,97
19061,Republican,Jeb Bush,95
19061,Republican,Chris Christie,75
19061,Republican,John Kasich,54
19061,Republican,Mike Huckabee,48
19061,Republican,Rick Santorum,21
19061,Democrat,Hillary Clinton,2504
19061,Democrat,Bernie Sanders,2276
19061,Democrat,Martin O'Malley,18
19061,Democrat, Uncommitted,0
19063,Republican,Ted Cruz,143
19063,Republican,Donald Trump,122
19063,Republican,Ben Carson,49
19063,Republican,Marco Rubio,46
19063,Republican,Jeb Bush,11
19063,Republican,Mike Huckabee,10
19063,Republican,Carly Fiorina,8
19063,Republican,Chris Christie,5
19063,Republican,John Kasich,4
19063,Republican,Rand Paul,4
19063,Republican,Rick Santorum,1
19063,Democrat,Hillary Clinton,168
19063,Democrat,Bernie Sanders,132
19063,Democrat,Martin O'Malley,0
19063,Democrat, Uncommitted,0
19065,Republican,Ted Cruz,341
19065,Republican,Donald Trump,240
19065,Republican,Marco Rubio,180
19065,Republican,Ben Carson,144
19065,Republican,Rand Paul,27
19065,Republican,Jeb Bush,18
19065,Republican,Carly Fiorina,18
19065,Republican,Mike Huckabee,17
19065,Republican,Chris Christie,6
19065,Republican,John Kasich,6
19065,Republican,Rick Santorum,3
19065,Democrat,Hillary Clinton,525
19065,Democrat,Bernie Sanders,468
19065,Democrat, Uncommitted,5
19065,Democrat,Martin O'Malley,0
19067,Republican,Ted Cruz,305
19067,Republican,Donald Trump,200
19067,Republican,Marco Rubio,105
19067,Republican,Ben Carson,83
19067,Republican,Jeb Bush,23
19067,Republican,Rand Paul,10
19067,Republican,Chris Christie,9
19067,Republican,John Kasich,9
19067,Republican,Carly Fiorina,8
19067,Republican,Mike Huckabee,8
19067,Republican,Rick Santorum,0
19067,Democrat,Hillary Clinton,453
19067,Democrat,Bernie Sanders,346
19067,Democrat,Martin O'Malley,0
19067,Democrat, Uncommitted,0
19069,Republican,Ted Cruz,225
19069,Republican,Donald Trump,159
19069,Republican,Marco Rubio,105
19069,Republican,Ben Carson,62
19069,Republican,Mike Huckabee,23
19069,Republican,Rand Paul,23
19069,Republican,Jeb Bush,18
19069,Republican,Carly Fiorina,5
19069,Republican,John Kasich,4
19069,Republican,Rick Santorum,3
19069,Republican,Chris Christie,1
19069,Democrat,Hillary Clinton,226
19069,Democrat,Bernie Sanders,168
19069,Democrat,Martin O'Malley,4
19069,Democrat, Uncommitted,0
19071,Republican,Ted Cruz,87
19071,Republican,Donald Trump,182
19071,Republican,Marco Rubio,77
19071,Republican,Ben Carson,40
19071,Republican,Rand Paul,11
19071,Republican,Jeb Bush,10
19071,Republican,John Kasich,6
19071,Republican,Chris Christie,5
19071,Republican,Rick Santorum,5
19071,Republican,Mike Huckabee,2
19071,Republican,Carly Fiorina,0
19071,Democrat,Hillary Clinton,120
19071,Democrat,Bernie Sanders,135
19071,Democrat,Martin O'Malley,15
19071,Democrat, Uncommitted,0
19073,Republican,Ted Cruz,162
19073,Republican,Donald Trump,164
19073,Republican,Marco Rubio,77
19073,Republican,Ben Carson,62
19073,Republican,Jeb Bush,25
19073,Republican,Mike Huckabee,14
19073,Republican,Rand Paul,14
19073,Republican,Chris Christie,13
19073,Republican,Rick Santorum,7
19073,Republican,John Kasich,6
19073,Republican,Carly Fiorina,2
19073,Democrat,Hillary Clinton,215
19073,Democrat,Bernie Sanders,184
19073,Democrat,Martin O'Malley,0
19073,Democrat, Uncommitted,0
19075,Republican,Ted Cruz,272
19075,Republican,Marco Rubio,261
19075,Republican,Donald Trump,198
19075,Republican,Ben Carson,73
19075,Republican,Mike Huckabee,50
19075,Republican,Rand Paul,32
19075,Republican,Jeb Bush,26
19075,Republican,Chris Christie,12
19075,Republican,Carly Fiorina,10
19075,Republican,Rick Santorum,8
19075,Republican,John Kasich,4
19075,Democrat,Hillary Clinton,186
19075,Democrat,Bernie Sanders,206
19075,Democrat,Martin O'Malley,6
19075,Democrat, Uncommitted,0
19077,Republican,Ted Cruz,218
19077,Republican,Donald Trump,208
19077,Republican,Marco Rubio,118
19077,Republican,Ben Carson,107
19077,Republican,Rand Paul,28
19077,Republican,Mike Huckabee,23
19077,Republican,Carly Fiorina,18
19077,Republican,Jeb Bush,16
19077,Republican,Chris Christie,9
19077,Republican,Rick Santorum,7
19077,Republican,John Kasich,2
19077,Democrat,Hillary Clinton,220
19077,Democrat,Bernie Sanders,180
19077,Democrat,Martin O'Malley,0
19077,Democrat, Uncommitted,0
19079,Republican,Ted Cruz,277
19079,Republican,Donald Trump,269
19079,Republican,Marco Rubio,159
19079,Republican,Ben Carson,89
19079,Republican,Rand Paul,48
19079,Republican,Mike Huckabee,25
19079,Republican,Chris Christie,21
19079,Republican,John Kasich,20
19079,Republican,Rick Santorum,20
19079,Republican,Carly Fiorina,14
19079,Republican,Jeb Bush,13
19079,Democrat,Hillary Clinton,353
19079,Democrat,Bernie Sanders,246
19079,Democrat,Martin O'Malley,0
19079,Democrat, Uncommitted,0
19081,Republican,Ted Cruz,385
19081,Republican,Donald Trump,160
19081,Republican,Marco Rubio,132
19081,Republican,Ben Carson,71
19081,Republican,Jeb Bush,22
19081,Republican,Rand Paul,21
19081,Republican,Carly Fiorina,19
19081,Republican,Mike Huckabee,16
19081,Republican,Rick Santorum,12
19081,Republican,John Kasich,6
19081,Republican,Chris Christie,5
19081,Democrat,Hillary Clinton,240
19081,Democrat,Bernie Sanders,152
19081,Democrat,Martin O'Malley,0
19081,Democrat, Uncommitted,0
19083,Republican,Ted Cruz,417
19083,Republican,Donald Trump,295
19083,Republican,Marco Rubio,225
19083,Republican,Ben Carson,138
19083,Republican,Rand Paul,45
19083,Republican,Chris Christie,33
19083,Republican,Mike Huckabee,31
19083,Republican,Rick Santorum,29
19083,Republican,Carly Fiorina,25
19083,Republican,Jeb Bush,19
19083,Republican,John Kasich,12
19083,Democrat,Hillary Clinton,403
19083,Democrat,Bernie Sanders,296
19083,Democrat,Martin O'Malley,0
19083,Democrat, Uncommitted,0
19085,Republican,Ted Cruz,282
19085,Republican,Donald Trump,315
19085,Republican,Ben Carson,221
19085,Republican,Marco Rubio,112
19085,Republican,Carly Fiorina,24
19085,Republican,Chris Christie,17
19085,Republican,Rand Paul,17
19085,Republican,Mike Huckabee,10
19085,Republican,John Kasich,10
19085,Republican,Rick Santorum,6
19085,Republican,Jeb Bush,5
19085,Democrat,Hillary Clinton,226
19085,Democrat,Bernie Sanders,273
19085,Democrat,Martin O'Malley,0
19085,Democrat, Uncommitted,0
19087,Republican,Ted Cruz,379
19087,Republican,Donald Trump,273
19087,Republican,Marco Rubio,228
19087,Republican,Ben Carson,189
19087,Republican,Mike Huckabee,33
19087,Republican,Jeb Bush,31
19087,Republican,Rand Paul,30
19087,Republican,Carly Fiorina,18
19087,Republican,John Kasich,12
19087,Republican,Rick Santorum,12
19087,Republican,Chris Christie,7
19087,Democrat,Hillary Clinton,350
19087,Democrat,Bernie Sanders,350
19087,Democrat,Martin O'Malley,0
19087,Democrat, Uncommitted,0
19089,Republican,Ted Cruz,106
19089,Republican,Donald Trump,112
19089,Republican,Marco Rubio,89
19089,Republican,Ben Carson,26
19089,Republican,Jeb Bush,19
19089,Republican,Mike Huckabee,5
19089,Republican,Rand Paul,5
19089,Republican,Carly Fiorina,3
19089,Republican,Chris Christie,2
19089,Republican,John Kasich,0
19089,Republican,Rick Santorum,0
19089,Democrat,Hillary Clinton,184
19089,Democrat,Bernie Sanders,215
19089,Democrat,Martin O'Malley,0
19089,Democrat, Uncommitted,0
19091,Republican,Ted Cruz,168
19091,Republican,Donald Trump,204
19091,Republican,Marco Rubio,111
19091,Republican,Ben Carson,48
19091,Republican,Mike Huckabee,17
19091,Republican,Rand Paul,16
19091,Republican,Jeb Bush,14
19091,Republican,Chris Christie,9
19091,Republican,Rick Santorum,9
19091,Republican,Carly Fiorina,6
19091,Republican,John Kasich,3
19091,Democrat,Hillary Clinton,166
19091,Democrat,Bernie Sanders,133
19091,Democrat,Martin O'Malley,0
19091,Democrat, Uncommitted,0
19093,Republican,Ted Cruz,135
19093,Republican,Donald Trump,136
19093,Republican,Marco Rubio,135
19093,Republican,Ben Carson,43
19093,Republican,Carly Fiorina,32
19093,Republican,Rick Santorum,14
19093,Republican,Jeb Bush,8
19093,Republican,Mike Huckabee,8
19093,Republican,Rand Paul,7
19093,Republican,Chris Christie,4
19093,Republican,John Kasich,3
19093,Democrat,Hillary Clinton,106
19093,Democrat,Bernie Sanders,93
19093,Democrat,Martin O'Malley,0
19093,Democrat, Uncommitted,0
19095,Republican,Ted Cruz,353
19095,Republican,Donald Trump,249
19095,Republican,Marco Rubio,163
19095,Republican,Ben Carson,105
19095,Republican,Rand Paul,56
19095,Republican,Mike Huckabee,33
19095,Republican,Carly Fiorina,25
19095,Republican,John Kasich,14
19095,Republican,Chris Christie,12
19095,Republican,Rick Santorum,12
19095,Republican,Jeb Bush,11
19095,Democrat,Hillary Clinton,357
19095,Democrat,Bernie Sanders,343
19095,Democrat,Martin O'Malley,0
19095,Democrat, Uncommitted,0
19097,Republican,Ted Cruz,265
19097,Republican,Donald Trump,306
19097,Republican,Marco Rubio,169
19097,Republican,Ben Carson,64
19097,Republican,Rand Paul,34
19097,Republican,Jeb Bush,26
19097,Republican,Carly Fiorina,21
19097,Republican,Chris Christie,18
19097,Republican,John Kasich,11
19097,Republican,Mike Huckabee,9
19097,Republican,Rick Santorum,5
19097,Democrat,Hillary Clinton,450
19097,Democrat,Bernie Sanders,414
19097,Democrat,Martin O'Malley,36
19097,Democrat, Uncommitted,0
19099,Republican,Ted Cruz,812
19099,Republican,Donald Trump,583
19099,Republican,Marco Rubio,417
19099,Republican,Ben Carson,207
19099,Republican,Rand Paul,100
19099,Republican,Mike Huckabee,72
19099,Republican,Jeb Bush,46
19099,Republican,Carly Fiorina,31
19099,Republican,Chris Christie,30
19099,Republican,John Kasich,13
19099,Republican,Rick Santorum,12
19099,Democrat,Hillary Clinton,927
19099,Democrat,Bernie Sanders,810
19099,Democrat,Martin O'Malley,63
19099,Democrat, Uncommitted,0
19101,Republican,Ted Cruz,270
19101,Republican,Donald Trump,223
19101,Republican,Marco Rubio,104
19101,Republican,Rand Paul,67
19101,Republican,Ben Carson,55
19101,Republican,Mike Huckabee,51
19101,Republican,John Kasich,25
19101,Republican,Rick Santorum,18
19101,Republican,Jeb Bush,17
19101,Republican,Carly Fiorina,11
19101,Republican,Chris Christie,7
19101,Democrat,Hillary Clinton,245
19101,Democrat,Bernie Sanders,654
19101,Democrat,Martin O'Malley,0
19101,Democrat, Uncommitted,0
19103,Republican,Ted Cruz,1413
19103,Republican,Marco Rubio,2207
19103,Republican,Donald Trump,1394
19103,Republican,Rand Paul,691
19103,Republican,Ben Carson,531
19103,Republican,John Kasich,284
19103,Republican,Jeb Bush,229
19103,Republican,Carly Fiorina,191
19103,Republican,Chris Christie,171
19103,Republican,Mike Huckabee,75
19103,Republican,Rick Santorum,37
19103,Democrat,Hillary Clinton,3700
19103,Democrat,Bernie Sanders,5473
19103,Democrat,Martin O'Malley,26
19103,Democrat, Uncommitted,0
19105,Republican,Ted Cruz,363
19105,Republican,Donald Trump,258
19105,Republican,Marco Rubio,167
19105,Republican,Ben Carson,107
19105,Republican,Carly Fiorina,35
19105,Republican,Rand Paul,32
19105,Republican,Jeb Bush,25
19105,Republican,Rick Santorum,21
19105,Republican,Chris Christie,14
19105,Republican,Mike Huckabee,6
19105,Republican,John Kasich,6
19105,Democrat,Hillary Clinton,419
19105,Democrat,Bernie Sanders,480
19105,Democrat,Martin O'Malley,0
19105,Democrat, Uncommitted,0
19107,Republican,Ted Cruz,216
19107,Republican,Donald Trump,220
19107,Republican,Marco Rubio,116
19107,Republican,Ben Carson,63
19107,Republican,Mike Huckabee,23
19107,Republican,Rand Paul,19
19107,Republican,Jeb Bush,13
19107,Republican,Carly Fiorina,11
19107,Republican,Rick Santorum,10
19107,Republican,John Kasich,5
19107,Republican,Chris Christie,4
19107,Democrat,Hillary Clinton,250
19107,Democrat,Bernie Sanders,140
19107,Democrat,Martin O'Malley,10
19107,Democrat, Uncommitted,0
19109,Republican,Ted Cruz,285
19109,Republican,Donald Trump,224
19109,Republican,Marco Rubio,190
19109,Republican,Ben Carson,150
19109,Republican,Mike Huckabee,27
19109,Republican,Rand Paul,18
19109,Republican,John Kasich,15
19109,Republican,Jeb Bush,13
19109,Republican,Rick Santorum,12
19109,Republican,Chris Christie,9
19109,Republican,Carly Fiorina,4
19109,Democrat,Hillary Clinton,360
19109,Democrat,Bernie Sanders,213
19109,Democrat,Martin O'Malley,13
19109,Democrat, Uncommitted,6
19111,Republican,Ted Cruz,334
19111,Republican,Donald Trump,409
19111,Republican,Marco Rubio,249
19111,Republican,Ben Carson,157
19111,Republican,Carly Fiorina,51
19111,Republican,Rand Paul,36
19111,Republican,Mike Huckabee,26
19111,Republican,Jeb Bush,19
19111,Republican,John Kasich,16
19111,Republican,Chris Christie,12
19111,Republican,Rick Santorum,6
19111,Democrat,Hillary Clinton,929
19111,Democrat,Bernie Sanders,770
19111,Democrat,Martin O'Malley,0
19111,Democrat, Uncommitted,0
19113,Republican,Ted Cruz,3422
19113,Republican,Marco Rubio,2825
19113,Republican,Donald Trump,2344
19113,Republican,Ben Carson,1072
19113,Republican,Rand Paul,699
19113,Republican,Carly Fiorina,302
19113,Republican,Chris Christie,276
19113,Republican,Jeb Bush,262
19113,Republican,John Kasich,262
19113,Republican,Mike Huckabee,99
19113,Republican,Rick Santorum,56
19113,Democrat,Hillary Clinton,5733
19113,Democrat,Bernie Sanders,6331
19113,Democrat,Martin O'Malley,35
19113,Democrat, Uncommitted,0
19115,Republican,Ted Cruz,257
19115,Republican,Donald Trump,261
19115,Republican,Marco Rubio,76
19115,Republican,Ben Carson,44
19115,Republican,Mike Huckabee,31
19115,Republican,Rand Paul,26
19115,Republican,Jeb Bush,14
19115,Republican,Carly Fiorina,5
19115,Republican,John Kasich,5
19115,Republican,Chris Christie,4
19115,Republican,Rick Santorum,1
19115,Democrat,Hillary Clinton,224
19115,Democrat,Bernie Sanders,168
19115,Democrat,Martin O'Malley,8
19115,Democrat, Uncommitted,0
19117,Republican,Ted Cruz,213
19117,Republican,Donald Trump,159
19117,Republican,Marco Rubio,79
19117,Republican,Ben Carson,68
19117,Republican,Rand Paul,24
19117,Republican,Mike Huckabee,18
19117,Republican,Jeb Bush,10
19117,Republican,Carly Fiorina,9
19117,Republican,Chris Christie,5
19117,Republican,Rick Santorum,3
19117,Republican,John Kasich,0
19117,Democrat,Hillary Clinton,180
19117,Democrat,Bernie Sanders,120
19117,Democrat,Martin O'Malley,0
19117,Democrat, Uncommitted,0
19119,Republican,Ted Cruz,432
19119,Republican,Marco Rubio,229
19119,Republican,Ben Carson,206
19119,Republican,Donald Trump,173
19119,Republican,Rick Santorum,20
19119,Republican,Rand Paul,14
19119,Republican,Jeb Bush,11
19119,Republican,Carly Fiorina,10
19119,Republican,John Kasich,6
19119,Republican,Chris Christie,3
19119,Republican,Mike Huckabee,3
19119,Democrat,Hillary Clinton,80
19119,Democrat,Bernie Sanders,113
19119,Democrat,Martin O'Malley,6
19119,Democrat, Uncommitted,0
19121,Republican,Ted Cruz,452
19121,Republican,Donald Trump,373
19121,Republican,Marco Rubio,250
19121,Republican,Ben Carson,107
19121,Republican,Rand Paul,51
19121,Republican,Mike Huckabee,34
19121,Republican,Jeb Bush,22
19121,Republican,Carly Fiorina,21
19121,Republican,Chris Christie,18
19121,Republican,John Kasich,11
19121,Republican,Rick Santorum,7
19121,Democrat,Hillary Clinton,320
19121,Democrat,Bernie Sanders,280
19121,Democrat,Martin O'Malley,0
19121,Democrat, Uncommitted,0
19123,Republican,Ted Cruz,669
19123,Republican,Donald Trump,421
19123,Republican,Marco Rubio,368
19123,Republican,Ben Carson,209
19123,Republican,Rick Santorum,73
19123,Republican,Rand Paul,69
19123,Republican,Mike Huckabee,49
19123,Republican,Jeb Bush,40
19123,Republican,Carly Fiorina,37
19123,Republican,Chris Christie,16
19123,Republican,John Kasich,8
19123,Democrat,Hillary Clinton,393
19123,Democrat,Bernie Sanders,306
19123,Democrat,Martin O'Malley,0
19123,Democrat, Uncommitted,0
19125,Republican,Ted Cruz,1011
19125,Republican,Marco Rubio,606
19125,Republican,Donald Trump,539
19125,Republican,Ben Carson,272
19125,Republican,Rand Paul,123
19125,Republican,Jeb Bush,74
19125,Republican,Mike Huckabee,74
19125,Republican,Chris Christie,62
19125,Republican,Carly Fiorina,41
19125,Republican,Rick Santorum,40
19125,Republican,John Kasich,30
19125,Democrat,Hillary Clinton,650
19125,Democrat,Bernie Sanders,624
19125,Democrat,Martin O'Malley,26
19125,Democrat, Uncommitted,0
19127,Republican,Ted Cruz,630
19127,Republican,Donald Trump,608
19127,Republican,Marco Rubio,502
19127,Republican,Ben Carson,226
19127,Republican,Rand Paul,75
19127,Republican,Jeb Bush,61
19127,Republican,Carly Fiorina,57
19127,Republican,Rick Santorum,55
19127,Republican,Mike Huckabee,50
19127,Republican,John Kasich,33
19127,Republican,Chris Christie,27
19127,Democrat,Hillary Clinton,839
19127,Democrat,Bernie Sanders,960
19127,Democrat,Martin O'Malley,0
19127,Democrat, Uncommitted,0
19129,Republican,Ted Cruz,244
19129,Republican,Donald Trump,300
19129,Republican,Marco Rubio,265
19129,Republican,Ben Carson,182
19129,Republican,Rand Paul,33
19129,Republican,Rick Santorum,31
19129,Republican,Carly Fiorina,23
19129,Republican,John Kasich,15
19129,Republican,Chris Christie,11
19129,Republican,Jeb Bush,10
19129,Republican,Mike Huckabee,7
19129,Democrat,Hillary Clinton,255
19129,Democrat,Bernie Sanders,244
19129,Democrat,Martin O'Malley,0
19129,Democrat, Uncommitted,0
19131,Republican,Ted Cruz,114
19131,Republican,Donald Trump,120
19131,Republican,Ben Carson,61
19131,Republican,Marco Rubio,56
19131,Republican,Carly Fiorina,55
19131,Republican,Rand Paul,34
19131,Republican,Mike Huckabee,11
19131,Republican,Jeb Bush,10
19131,Republican,Chris Christie,4
19131,Republican,John Kasich,3
19131,Republican,Rick Santorum,3
19131,Democrat,Hillary Clinton,260
19131,Democrat,Bernie Sanders,135
19131,Democrat,Martin O'Malley,5
19131,Democrat, Uncommitted,0
19133,Republican,Ted Cruz,185
19133,Republican,Donald Trump,156
19133,Republican,Marco Rubio,94
19133,Republican,Ben Carson,41
19133,Republican,Mike Huckabee,9
19133,Republican,Chris Christie,8
19133,Republican,Rand Paul,8
19133,Republican,Carly Fiorina,6
19133,Republican,Jeb Bush,2
19133,Republican,Rick Santorum,2
19133,Republican,John Kasich,1
19133,Democrat,Hillary Clinton,180
19133,Democrat,Bernie Sanders,116
19133,Democrat,Martin O'Malley,3
19133,Democrat, Uncommitted,0
19135,Republican,Ted Cruz,195
19135,Republican,Donald Trump,170
19135,Republican,Marco Rubio,97
19135,Republican,Ben Carson,25
19135,Republican,Rand Paul,23
19135,Republican,Mike Huckabee,18
19135,Republican,Carly Fiorina,4
19135,Republican,John Kasich,4
19135,Republican,Jeb Bush,3
19135,Republican,Chris Christie,2
19135,Republican,Rick Santorum,0
19135,Democrat,Hillary Clinton,129
19135,Democrat,Bernie Sanders,133
19135,Democrat,Martin O'Malley,36
19135,Democrat, Uncommitted,0
19137,Republican,Ted Cruz,133
19137,Republican,Marco Rubio,124
19137,Republican,Donald Trump,118
19137,Republican,Ben Carson,85
19137,Republican,Jeb Bush,27
19137,Republican,Carly Fiorina,27
19137,Republican,Rand Paul,26
19137,Republican,Mike Huckabee,10
19137,Republican,John Kasich,10
19137,Republican,Rick Santorum,6
19137,Republican,Chris Christie,5
19137,Democrat,Hillary Clinton,108
19137,Democrat,Bernie Sanders,192
19137,Democrat,Martin O'Malley,0
19137,Democrat, Uncommitted,0
19139,Republican,Ted Cruz,576
19139,Republican,Donald Trump,720
19139,Republican,Marco Rubio,635
19139,Republican,Rand Paul,131
19139,Republican,Ben Carson,110
19139,Republican,Jeb Bush,53
19139,Republican,Chris Christie,50
19139,Republican,John Kasich,45
19139,Republican,Carly Fiorina,43
19139,Republican,Mike Huckabee,39
19139,Republican,Rick Santorum,12
19139,Democrat,Hillary Clinton,828
19139,Democrat,Bernie Sanders,972
19139,Democrat,Martin O'Malley,0
19139,Democrat, Uncommitted,0
19143,Republican,Ted Cruz,113
19143,Republican,Donald Trump,78
19143,Republican,Marco Rubio,56
19143,Republican,Ben Carson,42
19143,Republican,Jeb Bush,13
19143,Republican,Rand Paul,8
19143,Republican,Carly Fiorina,7
19143,Republican,Chris Christie,3
19143,Republican,Mike Huckabee,3
19143,Republican,Rick Santorum,3
19143,Republican,John Kasich,1
19143,Democrat,Hillary Clinton,56
19143,Democrat,Bernie Sanders,38
19143,Democrat,Martin O'Malley,5
19143,Democrat, Uncommitted,0
19145,Republican,Ted Cruz,249
19145,Republican,Donald Trump,232
19145,Republican,Ben Carson,157
19145,Republican,Marco Rubio,156
19145,Republican,Jeb Bush,25
19145,Republican,Rand Paul,13
19145,Republican,John Kasich,12
19145,Republican,Mike Huckabee,9
19145,Republican,Carly Fiorina,8
19145,Republican,Rick Santorum,7
19145,Republican,Chris Christie,4
19145,Democrat,Hillary Clinton,197
19145,Democrat,Bernie Sanders,202
19145,Democrat,Martin O'Malley,0
19145,Democrat, Uncommitted,0
19147,Republican,Ted Cruz,110
19147,Republican,Donald Trump,117
19147,Republican,Marco Rubio,94
19147,Republican,Ben Carson,40
19147,Republican,Mike Huckabee,17
19147,Republican,Rand Paul,15
19147,Republican,Jeb Bush,14
19147,Republican,Carly Fiorina,9
19147,Republican,Chris Christie,6
19147,Republican,John Kasich,5
19147,Republican,Rick Santorum,5
19147,Democrat,Hillary Clinton,213
19147,Democrat,Bernie Sanders,186
19147,Democrat,Martin O'Malley,0
19147,Democrat, Uncommitted,0
19149,Republican,Ted Cruz,530
19149,Republican,Donald Trump,618
19149,Republican,Marco Rubio,373
19149,Republican,Ben Carson,195
19149,Republican,Jeb Bush,44
19149,Republican,Rand Paul,34
19149,Republican,Chris Christie,25
19149,Republican,John Kasich,22
19149,Republican,Carly Fiorina,19
19149,Republican,Mike Huckabee,14
19149,Republican,Rick Santorum,12
19149,Democrat,Hillary Clinton,387
19149,Democrat,Bernie Sanders,312
19149,Democrat,Martin O'Malley,0
19149,Democrat, Uncommitted,0
19151,Republican,Ted Cruz,187
19151,Republican,Donald Trump,110
19151,Republican,Ben Carson,70
19151,Republican,Marco Rubio,65
19151,Republican,Mike Huckabee,16
19151,Republican,Rand Paul,13
19151,Republican,Jeb Bush,9
19151,Republican,Chris Christie,5
19151,Republican,Carly Fiorina,5
19151,Republican,John Kasich,2
19151,Republican,Rick Santorum,1
19151,Democrat,Hillary Clinton,198
19151,Democrat,Bernie Sanders,90
19151,Democrat,Martin O'Malley,12
19151,Democrat, Uncommitted,0
19153,Republican,Ted Cruz,7864
19153,Republican,Marco Rubio,8365
19153,Republican,Donald Trump,6764
19153,Republican,Ben Carson,2297
19153,Republican,Rand Paul,1633
19153,Republican,Jeb Bush,1405
19153,Republican,John Kasich,773
19153,Republican,Chris Christie,745
19153,Republican,Mike Huckabee,565
19153,Republican,Carly Fiorina,420
19153,Republican,Rick Santorum,234
19153,Democrat,Hillary Clinton,12122
19153,Democrat,Bernie Sanders,10526
19153,Democrat,Martin O'Malley,152
19153,Democrat, Uncommitted,0
19155,Republican,Ted Cruz,942
19155,Republican,Donald Trump,1508
19155,Republican,Marco Rubio,750
19155,Republican,Ben Carson,543
19155,Republican,Rand Paul,156
19155,Republican,John Kasich,127
19155,Republican,Rick Santorum,115
19155,Republican,Carly Fiorina,80
19155,Republican,Jeb Bush,70
19155,Republican,Chris Christie,53
19155,Republican,Mike Huckabee,25
19155,Democrat,Hillary Clinton,1519
19155,Democrat,Bernie Sanders,1573
19155,Democrat, Uncommitted,7
19155,Democrat,Martin O'Malley,0
19157,Republican,Ted Cruz,282
19157,Republican,Donald Trump,258
19157,Republican,Marco Rubio,183
19157,Republican,Ben Carson,76
19157,Republican,Rand Paul,63
19157,Republican,Jeb Bush,38
19157,Republican,Mike Huckabee,30
19157,Republican,John Kasich,18
19157,Republican,Chris Christie,14
19157,Republican,Carly Fiorina,14
19157,Republican,Rick Santorum,7
19157,Democrat,Hillary Clinton,424
19157,Democrat,Bernie Sanders,475
19157,Democrat,Martin O'Malley,0
19157,Democrat, Uncommitted,0
19159,Republican,Ted Cruz,84
19159,Republican,Donald Trump,106
19159,Republican,Ben Carson,52
19159,Republican,Marco Rubio,50
19159,Republican,Jeb Bush,16
19159,Republican,Mike Huckabee,14
19159,Republican,Chris Christie,3
19159,Republican,Carly Fiorina,3
19159,Republican,Rand Paul,2
19159,Republican,Rick Santorum,1
19159,Republican,John Kasich,0
19159,Democrat,Hillary Clinton,132
19159,Democrat,Bernie Sanders,67
19159,Democrat,Martin O'Malley,0
19159,Democrat, Uncommitted,0
19161,Republican,Ted Cruz,187
19161,Republican,Donald Trump,212
19161,Republican,Marco Rubio,81
19161,Republican,Ben Carson,61
19161,Republican,Rick Santorum,49
19161,Republican,Jeb Bush,19
19161,Republican,Mike Huckabee,18
19161,Republican,Rand Paul,17
19161,Republican,Carly Fiorina,12
19161,Republican,John Kasich,7
19161,Republican,Chris Christie,6
19161,Democrat,Hillary Clinton,165
19161,Democrat,Bernie Sanders,135
19161,Democrat,Martin O'Malley,0
19161,Democrat, Uncommitted,0
19163,Republican,Ted Cruz,2396
19163,Republican,Marco Rubio,2553
19163,Republican,Donald Trump,2465
19163,Republican,Ben Carson,532
19163,Republican,Rand Paul,486
19163,Republican,John Kasich,436
19163,Republican,Jeb Bush,353
19163,Republican,Carly Fiorina,219
19163,Republican,Chris Christie,178
19163,Republican,Mike Huckabee,78
19163,Republican,Rick Santorum,50
19163,Democrat,Hillary Clinton,4025
19163,Democrat,Bernie Sanders,4144
19163,Democrat,Martin O'Malley,29
19163,Democrat, Uncommitted,0
19165,Republican,Ted Cruz,207
19165,Republican,Donald Trump,203
19165,Republican,Marco Rubio,129
19165,Republican,Ben Carson,109
19165,Republican,Rand Paul,23
19165,Republican,Carly Fiorina,22
19165,Republican,Mike Huckabee,18
19165,Republican,Chris Christie,10
19165,Republican,Jeb Bush,9
19165,Republican,John Kasich,9
19165,Republican,Rick Santorum,6
19165,Democrat,Hillary Clinton,168
19165,Democrat,Bernie Sanders,232
19165,Democrat,Martin O'Malley,0
19165,Democrat, Uncommitted,0
19167,Republican,Ted Cruz,1524
19167,Republican,Marco Rubio,1469
19167,Republican,Ben Carson,686
19167,Republican,Donald Trump,502
19167,Republican,Rand Paul,117
19167,Republican,Rick Santorum,77
19167,Republican,Jeb Bush,76
19167,Republican,John Kasich,45
19167,Republican,Carly Fiorina,39
19167,Republican,Mike Huckabee,35
19167,Republican,Chris Christie,24
19167,Democrat,Hillary Clinton,192
19167,Democrat,Bernie Sanders,202
19167,Democrat, Uncommitted,5
19167,Democrat,Martin O'Malley,0
19169,Republican,Ted Cruz,1815
19169,Republican,Marco Rubio,2415
19169,Republican,Donald Trump,1152
19169,Republican,Ben Carson,641
19169,Republican,Rand Paul,629
19169,Republican,Jeb Bush,212
19169,Republican,John Kasich,193
19169,Republican,Chris Christie,166
19169,Republican,Mike Huckabee,123
19169,Republican,Carly Fiorina,117
19169,Republican,Rick Santorum,62
19169,Democrat,Hillary Clinton,1862
19169,Democrat,Bernie Sanders,2737
19169,Democrat,Martin O'Malley,0
19169,Democrat, Uncommitted,0
19171,Republican,Ted Cruz,307
19171,Republican,Donald Trump,350
19171,Republican,Marco Rubio,123
19171,Republican,Ben Carson,83
19171,Republican,Mike Huckabee,33
19171,Republican,Rand Paul,27
19171,Republican,Chris Christie,16
19171,Republican,Jeb Bush,12
19171,Republican,John Kasich,12
19171,Republican,Carly Fiorina,10
19171,Republican,Rick Santorum,10
19171,Democrat,Hillary Clinton,476
19171,Democrat,Bernie Sanders,423
19171,Democrat,Martin O'Malley,0
19171,Democrat, Uncommitted,0
19173,Republican,Ted Cruz,74
19173,Republican,Donald Trump,140
19173,Republican,Ben Carson,63
19173,Republican,Marco Rubio,52
19173,Republican,Jeb Bush,10
19173,Republican,Rand Paul,10
19173,Republican,Mike Huckabee,9
19173,Republican,Carly Fiorina,6
19173,Republican,John Kasich,6
19173,Republican,Chris Christie,5
19173,Republican,Rick Santorum,3
19173,Democrat,Hillary Clinton,140
19173,Democrat,Bernie Sanders,60
19173,Democrat,Martin O'Malley,0
19173,Democrat, Uncommitted,0
19175,Republican,Ted Cruz,203
19175,Republican,Donald Trump,194
19175,Republican,Marco Rubio,135
19175,Republican,Ben Carson,87
19175,Republican,Mike Huckabee,28
19175,Republican,Carly Fiorina,16
19175,Republican,Jeb Bush,12
19175,Republican,Rand Paul,10
19175,Republican,John Kasich,7
19175,Republican,Rick Santorum,7
19175,Republican,Chris Christie,3
19175,Democrat,Hillary Clinton,231
19175,Democrat,Bernie Sanders,268
19175,Democrat,Martin O'Malley,0
19175,Democrat, Uncommitted,0
19177,Republican,Ted Cruz,196
19177,Republican,Donald Trump,151
19177,Republican,Marco Rubio,63
19177,Republican,Ben Carson,56
19177,Republican,Mike Huckabee,51
19177,Republican,Rand Paul,7
19177,Republican,Jeb Bush,3
19177,Republican,Chris Christie,3
19177,Republican,John Kasich,1
19177,Republican,Carly Fiorina,0
19177,Republican,Rick Santorum,0
19177,Democrat,Hillary Clinton,93
19177,Democrat,Bernie Sanders,106
19177,Democrat,Martin O'Malley,0
19177,Democrat, Uncommitted,0
19179,Republican,Ted Cruz,489
19179,Republican,Donald Trump,592
19179,Republican,Marco Rubio,242
19179,Republican,Ben Carson,127
19179,Republican,Mike Huckabee,103
19179,Republican,Rand Paul,50
19179,Republican,Jeb Bush,24
19179,Republican,Chris Christie,21
19179,Republican,Carly Fiorina,10
19179,Republican,John Kasich,9
19179,Republican,Rick Santorum,2
19179,Democrat,Hillary Clinton,817
19179,Democrat,Bernie Sanders,667
19179,Democrat,Martin O'Malley,7
19179,Democrat, Uncommitted,0
19181,Republican,Ted Cruz,1120
19181,Republican,Donald Trump,982
19181,Republican,Marco Rubio,784
19181,Republican,Ben Carson,374
19181,Republican,Rand Paul,197
19181,Republican,Jeb Bush,95
19181,Republican,Mike Huckabee,76
19181,Republican,Chris Christie,65
19181,Republican,John Kasich,44
19181,Republican,Carly Fiorina,37
19181,Republican,Rick Santorum,33
19181,Democrat,Hillary Clinton,1217
19181,Democrat,Bernie Sanders,953
19181,Democrat,Martin O'Malley,29
19181,Democrat, Uncommitted,0
19183,Republican,Ted Cruz,542
19183,Republican,Donald Trump,329
19183,Republican,Marco Rubio,222
19183,Republican,Ben Carson,194
19183,Republican,Rand Paul,104
19183,Republican,Jeb Bush,63
19183,Republican,Carly Fiorina,30
19183,Republican,Mike Huckabee,23
19183,Republican,Rick Santorum,15
19183,Republican,John Kasich,13
19183,Republican,Chris Christie,9
19183,Democrat,Hillary Clinton,484
19183,Democrat,Bernie Sanders,415
19183,Democrat,Martin O'Malley,0
19183,Democrat, Uncommitted,0
19185,Republican,Ted Cruz,171
19185,Republican,Donald Trump,114
19185,Republican,Marco Rubio,57
19185,Republican,Ben Carson,36
19185,Republican,Mike Huckabee,15
19185,Republican,Jeb Bush,9
19185,Republican,John Kasich,7
19185,Republican,Carly Fiorina,5
19185,Republican,Rand Paul,3
19185,Republican,Chris Christie,1
19185,Republican,Rick Santorum,1
19185,Democrat,Hillary Clinton,130
19185,Democrat,Bernie Sanders,70
19185,Democrat,Martin O'Malley,0
19185,Democrat, Uncommitted,0
19187,Republican,Ted Cruz,432
19187,Republican,Donald Trump,435
19187,Republican,Marco Rubio,286
19187,Republican,Ben Carson,120
19187,Republican,Chris Christie,79
19187,Republican,Mike Huckabee,76
19187,Republican,Rand Paul,62
19187,Republican,Jeb Bush,44
19187,Republican,John Kasich,28
19187,Republican,Carly Fiorina,17
19187,Republican,Rick Santorum,12
19187,Democrat,Hillary Clinton,866
19187,Democrat,Bernie Sanders,720
19187,Democrat,Martin O'Malley,13
19187,Democrat, Uncommitted,0
19189,Republican,Ted Cruz,187
19189,Republican,Marco Rubio,128
19189,Republican,Donald Trump,115
19189,Republican,Ben Carson,91
19189,Republican,Mike Huckabee,27
19189,Republican,Jeb Bush,24
19189,Republican,Rand Paul,22
19189,Republican,Chris Christie,10
19189,Republican,Carly Fiorina,7
19189,Republican,Rick Santorum,4
19189,Republican,John Kasich,2
19189,Democrat,Hillary Clinton,170
19189,Democrat,Bernie Sanders,230
19189,Democrat,Martin O'Malley,0
19189,Democrat, Uncommitted,0
19191,Republican,Ted Cruz,251
19191,Republican,Donald Trump,274
19191,Republican,Marco Rubio,208
19191,Republican,Ben Carson,151
19191,Republican,Rand Paul,40
19191,Republican,John Kasich,30
19191,Republican,Carly Fiorina,27
19191,Republican,Jeb Bush,26
19191,Republican,Mike Huckabee,23
19191,Republican,Chris Christie,9
19191,Republican,Rick Santorum,3
19191,Democrat,Hillary Clinton,484
19191,Democrat,Bernie Sanders,616
19191,Democrat,Martin O'Malley,0
19191,Democrat, Uncommitted,0
19193,Republican,Ted Cruz,1367
19193,Republican,Donald Trump,1600
19193,Republican,Marco Rubio,1065
19193,Republican,Ben Carson,394
19193,Republican,Rick Santorum,153
19193,Republican,Rand Paul,141
19193,Republican,Carly Fiorina,114
19193,Republican,Jeb Bush,85
19193,Republican,Chris Christie,69
19193,Republican,John Kasich,44
19193,Republican,Mike Huckabee,23
19193,Democrat,Hillary Clinton,1665
19193,Democrat,Bernie Sanders,1920
19193,Democrat,Martin O'Malley,15
19193,Democrat, Uncommitted,0
19195,Republican,Ted Cruz,115
19195,Republican,Donald Trump,113
19195,Republican,Marco Rubio,55
19195,Republican,Ben Carson,25
19195,Republican,Mike Huckabee,18
19195,Republican,Rand Paul,14
19195,Republican,Carly Fiorina,11
19195,Republican,Jeb Bush,9
19195,Republican,Chris Christie,6
19195,Republican,John Kasich,5
19195,Republican,Rick Santorum,4
19195,Democrat,Hillary Clinton,181
19195,Democrat,Bernie Sanders,218
19195,Democrat,Martin O'Malley,0
19195,Democrat, Uncommitted,0
19197,Republican,Ted Cruz,190
19197,Republican,Donald Trump,129
19197,Republican,Marco Rubio,124
19197,Republican,Ben Carson,58
19197,Republican,Jeb Bush,16
19197,Republican,Mike Huckabee,15
19197,Republican,Chris Christie,10
19197,Republican,Rand Paul,7
19197,Republican,John Kasich,6
19197,Republican,Carly Fiorina,4
19197,Republican,Rick Santorum,3
19197,Democrat,Hillary Clinton,273
19197,Democrat,Bernie Sanders,226
19197,Democrat,Martin O'Malley,0
19197,Democrat, Uncommitted,0
32510,Republican,Donald Trump,1066
32510,Republican,Marco Rubio,600
32510,Republican,Ted Cruz,462
32510,Republican,Ben Carson,208
32510,Republican,John Kasich,102
32510,Democrat,Hillary Clinton,79
32510,Democrat,Bernie Sanders,83
32001,Republican,Donald Trump,538
32001,Republican,Marco Rubio,342
32001,Republican,Ted Cruz,312
32001,Republican,Ben Carson,108
32001,Republican,John Kasich,43
32001,Democrat,Hillary Clinton,46
32001,Democrat,Bernie Sanders,46
32003,Republican,Donald Trump,20132
32003,Republican,Marco Rubio,10114
32003,Republican,Ted Cruz,7857
32003,Republican,Ben Carson,1488
32003,Republican,John Kasich,1399
32003,Democrat,Hillary Clinton,4767
32003,Democrat,Bernie Sanders,3920
32005,Republican,Donald Trump,1683
32005,Republican,Marco Rubio,1251
32005,Republican,Ted Cruz,1195
32005,Republican,Ben Carson,281
32005,Republican,John Kasich,199
32005,Democrat,Hillary Clinton,85
32005,Democrat,Bernie Sanders,72
32007,Republican,Donald Trump,600
32007,Republican,Ted Cruz,1039
32007,Republican,Marco Rubio,503
32007,Republican,Ben Carson,172
32007,Republican,John Kasich,37
32007,Democrat,Hillary Clinton,38
32007,Democrat,Bernie Sanders,48
32009,Republican,Donald Trump,46
32009,Republican,Ted Cruz,9
32009,Republican,Marco Rubio,8
32009,Republican,Ben Carson,7
32009,Republican,John Kasich,3
32009,Democrat,Hillary Clinton,7
32009,Democrat,Bernie Sanders,15
32011,Republican,Donald Trump,81
32011,Republican,Ted Cruz,67
32011,Republican,Marco Rubio,31
32011,Republican,Ben Carson,8
32011,Republican,John Kasich,7
32011,Democrat,Hillary Clinton,3
32011,Democrat,Bernie Sanders,19
32013,Republican,Donald Trump,361
32013,Republican,Ted Cruz,189
32013,Republican,Marco Rubio,182
32013,Republican,Ben Carson,85
32013,Republican,John Kasich,42
32013,Democrat,Hillary Clinton,27
32013,Democrat,Bernie Sanders,53
32015,Republican,Donald Trump,165
32015,Republican,Ted Cruz,148
32015,Republican,Marco Rubio,72
32015,Republican,Ben Carson,20
32015,Republican,John Kasich,9
32015,Democrat,Hillary Clinton,20
32015,Democrat,Bernie Sanders,48
32017,Republican,Donald Trump,82
32017,Republican,Ted Cruz,127
32017,Republican,Marco Rubio,46
32017,Republican,Ben Carson,27
32017,Republican,John Kasich,3
32017,Democrat,Hillary Clinton,38
32017,Democrat,Bernie Sanders,25
32019,Republican,Donald Trump,1399
32019,Republican,Ted Cruz,711
32019,Republican,Marco Rubio,506
32019,Republican,Ben Carson,208
32019,Republican,John Kasich,67
32019,Democrat,Hillary Clinton,80
32019,Democrat,Bernie Sanders,88
32021,Republican,Donald Trump,97
32021,Republican,Marco Rubio,38
32021,Republican,Ted Cruz,37
32021,Republican,Ben Carson,13
32021,Republican,John Kasich,6
32021,Democrat,Hillary Clinton,39
32021,Democrat,Bernie Sanders,34
32023,Republican,Donald Trump,980
32023,Republican,Ted Cruz,408
32023,Republican,Marco Rubio,220
32023,Republican,Ben Carson,83
32023,Republican,John Kasich,24
32023,Democrat,Hillary Clinton,94
32023,Democrat,Bernie Sanders,65
32027,Republican,Donald Trump,118
32027,Republican,Ted Cruz,82
32027,Republican,Marco Rubio,57
32027,Republican,Ben Carson,21
32027,Republican,John Kasich,12
32027,Democrat,Hillary Clinton,32
32027,Democrat,Bernie Sanders,33
32029,Republican,Donald Trump,161
32029,Republican,Ted Cruz,79
32029,Republican,Ben Carson,70
32029,Republican,Marco Rubio,57
32029,Republican,John Kasich,8
32029,Democrat,Hillary Clinton,31
32029,Democrat,Bernie Sanders,31
32031,Republican,Donald Trump,6850
32031,Republican,Marco Rubio,3815
32031,Republican,Ted Cruz,3240
32031,Republican,Ben Carson,794
32031,Republican,John Kasich,731
32031,Democrat,Hillary Clinton,863
32031,Democrat,Bernie Sanders,1015
32033,Republican,Donald Trump,172
32033,Republican,Ted Cruz,117
32033,Republican,Marco Rubio,98
32033,Republican,Ben Carson,26
32033,Republican,John Kasich,17
32033,Democrat,Hillary Clinton,47
32033,Democrat,Bernie Sanders,46
45001,Republican,Donald Trump,1353
45001,Republican,Ted Cruz,876
45001,Republican,Marco Rubio,740
45001,Republican,Ben Carson,305
45001,Republican,Jeb Bush,236
45001,Republican,John Kasich,157
45003,Republican,Donald Trump,9027
45003,Republican,Ted Cruz,7036
45003,Republican,Marco Rubio,6804
45003,Republican,Ben Carson,2613
45003,Republican,John Kasich,1904
45003,Republican,Jeb Bush,1207
45005,Republican,Donald Trump,160
45005,Republican,Marco Rubio,92
45005,Republican,Ted Cruz,44
45005,Republican,Ben Carson,32
45005,Republican,Jeb Bush,21
45005,Republican,John Kasich,12
45007,Republican,Donald Trump,10953
45007,Republican,Ted Cruz,8750
45007,Republican,Marco Rubio,7175
45007,Republican,Ben Carson,2959
45007,Republican,Jeb Bush,2411
45007,Republican,John Kasich,2038
45009,Republican,Donald Trump,481
45009,Republican,Marco Rubio,333
45009,Republican,Ted Cruz,193
45009,Republican,Ben Carson,78
45009,Republican,Jeb Bush,58
45009,Republican,John Kasich,57
45011,Republican,Donald Trump,1106
45011,Republican,Marco Rubio,575
45011,Republican,Ted Cruz,516
45011,Republican,Ben Carson,171
45011,Republican,Jeb Bush,129
45011,Republican,John Kasich,91
45013,Republican,Donald Trump,9912
45013,Republican,Marco Rubio,9126
45013,Republican,John Kasich,6245
45013,Republican,Ted Cruz,4407
45013,Republican,Jeb Bush,2185
45013,Republican,Ben Carson,1095
45015,Republican,Donald Trump,9406
45015,Republican,Ted Cruz,6244
45015,Republican,Marco Rubio,6176
45015,Republican,Jeb Bush,2662
45015,Republican,Ben Carson,1641
45015,Republican,John Kasich,1555
45017,Republican,Donald Trump,805
45017,Republican,Ted Cruz,564
45017,Republican,Marco Rubio,421
45017,Republican,Jeb Bush,250
45017,Republican,Ben Carson,139
45017,Republican,John Kasich,110
45019,Republican,Donald Trump,14420
45019,Republican,Marco Rubio,15247
45019,Republican,Ted Cruz,9050
45019,Republican,John Kasich,7301
45019,Republican,Jeb Bush,6140
45019,Republican,Ben Carson,2467
45021,Republican,Donald Trump,3616
45021,Republican,Ted Cruz,1978
45021,Republican,Marco Rubio,1449
45021,Republican,Ben Carson,879
45021,Republican,Jeb Bush,382
45021,Republican,John Kasich,308
45023,Republican,Donald Trump,1403
45023,Republican,Ted Cruz,844
45023,Republican,Marco Rubio,553
45023,Republican,Ben Carson,284
45023,Republican,Jeb Bush,126
45023,Republican,John Kasich,119
45025,Republican,Donald Trump,1806
45025,Republican,Ted Cruz,1434
45025,Republican,Marco Rubio,695
45025,Republican,Ben Carson,246
45025,Republican,Jeb Bush,180
45025,Republican,John Kasich,139
45027,Republican,Donald Trump,1601
45027,Republican,Ted Cruz,1036
45027,Republican,Marco Rubio,793
45027,Republican,Jeb Bush,354
45027,Republican,Ben Carson,267
45027,Republican,John Kasich,243
45029,Republican,Donald Trump,2326
45029,Republican,Ted Cruz,1103
45029,Republican,Marco Rubio,936
45029,Republican,Jeb Bush,503
45029,Republican,Ben Carson,281
45029,Republican,John Kasich,223
45031,Republican,Donald Trump,3352
45031,Republican,Ted Cruz,2594
45031,Republican,Marco Rubio,1387
45031,Republican,Jeb Bush,693
45031,Republican,Ben Carson,525
45031,Republican,John Kasich,328
45033,Republican,Donald Trump,972
45033,Republican,Ted Cruz,912
45033,Republican,Marco Rubio,445
45033,Republican,Jeb Bush,169
45033,Republican,Ben Carson,112
45033,Republican,John Kasich,65
45035,Republican,Donald Trump,6949
45035,Republican,Marco Rubio,5244
45035,Republican,Ted Cruz,5199
45035,Republican,Jeb Bush,1951
45035,Republican,John Kasich,1418
45035,Republican,Ben Carson,1310
45037,Republican,Donald Trump,1366
45037,Republican,Ted Cruz,1148
45037,Republican,Marco Rubio,900
45037,Republican,Ben Carson,326
45037,Republican,John Kasich,151
45037,Republican,Jeb Bush,116
45039,Republican,Donald Trump,919
45039,Republican,Ted Cruz,631
45039,Republican,Marco Rubio,496
45039,Republican,Jeb Bush,204
45039,Republican,John Kasich,164
45039,Republican,Ben Carson,145
45041,Republican,Donald Trump,6004
45041,Republican,Ted Cruz,5208
45041,Republican,Marco Rubio,3357
45041,Republican,Jeb Bush,1462
45041,Republican,Ben Carson,1267
45041,Republican,John Kasich,823
45043,Republican,Donald Trump,4620
45043,Republican,Marco Rubio,2693
45043,Republican,Ted Cruz,1591
45043,Republican,John Kasich,1023
45043,Republican,Jeb Bush,959
45043,Republican,Ben Carson,609
45045,Republican,Donald Trump,24913
45045,Republican,Ted Cruz,22899
45045,Republican,Marco Rubio,22875
45045,Republican,Ben Carson,8036
45045,Republican,John Kasich,7683
45045,Republican,Jeb Bush,6548
45047,Republican,Donald Trump,3029
45047,Republican,Marco Rubio,2543
45047,Republican,Ted Cruz,2408
45047,Republican,Ben Carson,989
45047,Republican,Jeb Bush,866
45047,Republican,John Kasich,697
45049,Republican,Donald Trump,721
45049,Republican,Ted Cruz,365
45049,Republican,Marco Rubio,314
45049,Republican,Ben Carson,92
45049,Republican,John Kasich,88
45049,Republican,Jeb Bush,83
45051,Republican,Donald Trump,26445
45051,Republican,Marco Rubio,9605
45051,Republican,Ted Cruz,8496
45051,Republican,John Kasich,3430
45051,Republican,Jeb Bush,3161
45051,Republican,Ben Carson,2638
45053,Republican,Donald Trump,1169
45053,Republican,Marco Rubio,695
45053,Republican,Ted Cruz,566
45053,Republican,John Kasich,295
45053,Republican,Ben Carson,157
45053,Republican,Jeb Bush,119
45055,Republican,Donald Trump,3673
45055,Republican,Ted Cruz,2772
45055,Republican,Marco Rubio,1896
45055,Republican,Jeb Bush,1150
45055,Republican,Ben Carson,616
45055,Republican,John Kasich,579
45057,Republican,Donald Trump,4190
45057,Republican,Marco Rubio,2754
45057,Republican,Ted Cruz,2689
45057,Republican,Ben Carson,1136
45057,Republican,John Kasich,1047
45057,Republican,Jeb Bush,561
45059,Republican,Donald Trump,3321
45059,Republican,Ted Cruz,2745
45059,Republican,Marco Rubio,1580
45059,Republican,Ben Carson,791
45059,Republican,Jeb Bush,765
45059,Republican,John Kasich,436
45061,Republican,Donald Trump,743
45061,Republican,Ted Cruz,353
45061,Republican,Marco Rubio,195
45061,Republican,Jeb Bush,152
45061,Republican,Ben Carson,65
45061,Republican,John Kasich,58
45063,Republican,Donald Trump,16361
45063,Republican,Ted Cruz,13167
45063,Republican,Marco Rubio,11419
45063,Republican,Jeb Bush,5298
45063,Republican,Ben Carson,4847
45063,Republican,John Kasich,3449
45067,Republican,Donald Trump,1206
45067,Republican,Ted Cruz,740
45067,Republican,Marco Rubio,436
45067,Republican,Jeb Bush,215
45067,Republican,Ben Carson,140
45067,Republican,John Kasich,100
45069,Republican,Donald Trump,737
45069,Republican,Ted Cruz,409
45069,Republican,Marco Rubio,254
45069,Republican,Jeb Bush,164
45069,Republican,Ben Carson,128
45069,Republican,John Kasich,57
45065,Republican,Donald Trump,615
45065,Republican,Marco Rubio,468
45065,Republican,Ted Cruz,371
45065,Republican,John Kasich,180
45065,Republican,Ben Carson,106
45065,Republican,Jeb Bush,76
45071,Republican,Donald Trump,2024
45071,Republican,Ted Cruz,1251
45071,Republican,Marco Rubio,1146
45071,Republican,Jeb Bush,607
45071,Republican,Ben Carson,518
45071,Republican,John Kasich,337
45073,Republican,Donald Trump,4424
45073,Republican,Marco Rubio,4002
45073,Republican,Ted Cruz,3164
45073,Republican,John Kasich,1477
45073,Republican,Jeb Bush,1391
45073,Republican,Ben Carson,1123
45075,Republican,Donald Trump,2536
45075,Republican,Marco Rubio,1305
45075,Republican,Ted Cruz,1303
45075,Republican,Jeb Bush,779
45075,Republican,Ben Carson,404
45075,Republican,John Kasich,353
45077,Republican,Donald Trump,7136
45077,Republican,Ted Cruz,6393
45077,Republican,Marco Rubio,4961
45077,Republican,Jeb Bush,2033
45077,Republican,Ben Carson,1714
45077,Republican,John Kasich,1448
45079,Republican,Donald Trump,9172
45079,Republican,Marco Rubio,10955
45079,Republican,Ted Cruz,7964
45079,Republican,Jeb Bush,4484
45079,Republican,John Kasich,4051
45079,Republican,Ben Carson,2633
45081,Republican,Donald Trump,1248
45081,Republican,Ted Cruz,797
45081,Republican,Marco Rubio,553
45081,Republican,Jeb Bush,382
45081,Republican,Ben Carson,295
45081,Republican,John Kasich,156
45083,Republican,Donald Trump,15249
45083,Republican,Ted Cruz,11478
45083,Republican,Marco Rubio,10691
45083,Republican,Ben Carson,4036
45083,Republican,Jeb Bush,2744
45083,Republican,John Kasich,2457
45085,Republican,Donald Trump,3762
45085,Republican,Ted Cruz,2474
45085,Republican,Marco Rubio,2236
45085,Republican,Jeb Bush,1352
45085,Republican,Ben Carson,817
45085,Republican,John Kasich,532
45087,Republican,Donald Trump,1403
45087,Republican,Ted Cruz,884
45087,Republican,Marco Rubio,752
45087,Republican,Jeb Bush,269
45087,Republican,Ben Carson,189
45087,Republican,John Kasich,114
45089,Republican,Donald Trump,1186
45089,Republican,Ted Cruz,575
45089,Republican,Marco Rubio,520
45089,Republican,Jeb Bush,230
45089,Republican,Ben Carson,152
45089,Republican,John Kasich,76
45091,Republican,Donald Trump,12031
45091,Republican,Ted Cruz,9169
45091,Republican,Marco Rubio,8089
45091,Republican,Ben Carson,3953
45091,Republican,John Kasich,2632
45091,Republican,Jeb Bush,2036
33001,Democrat,Bernie Sanders,5990
33001,Democrat,Hillary Clinton,3490
33001,Republican,Ben Carson,390
33001,Republican,Carly Fiorina,672
33001,Republican,Chris Christie,1001
33001,Republican,Donald Trump,5505
33001,Republican,Jeb Bush,1738
33001,Republican,John Kasich,2460
33001,Republican,Marco Rubio,1504
33001,Republican,Ted Cruz,2017
33003,Democrat,Bernie Sanders,5655
33003,Democrat,Hillary Clinton,3230
33003,Republican,Ben Carson,280
33003,Republican,Carly Fiorina,442
33003,Republican,Chris Christie,884
33003,Republican,Donald Trump,4182
33003,Republican,Jeb Bush,1241
33003,Republican,John Kasich,2281
33003,Republican,Marco Rubio,1433
33003,Republican,Ted Cruz,1365
33005,Democrat,Bernie Sanders,12471
33005,Democrat,Hillary Clinton,5166
33005,Republican,Ben Carson,518
33005,Republican,Carly Fiorina,565
33005,Republican,Chris Christie,763
33005,Republican,Donald Trump,4543
33005,Republican,Jeb Bush,1501
33005,Republican,John Kasich,2178
33005,Republican,Marco Rubio,1237
33005,Republican,Ted Cruz,1865
33007,Democrat,Bernie Sanders,3637
33007,Democrat,Hillary Clinton,2013
33007,Republican,Ben Carson,170
33007,Republican,Carly Fiorina,275
33007,Republican,Chris Christie,355
33007,Republican,Donald Trump,2183
33007,Republican,Jeb Bush,561
33007,Republican,John Kasich,942
33007,Republican,Marco Rubio,615
33007,Republican,Ted Cruz,600
33009,Democrat,Bernie Sanders,14258
33009,Democrat,Hillary Clinton,6918
33009,Republican,Ben Carson,470
33009,Republican,Carly Fiorina,684
33009,Republican,Chris Christie,1067
33009,Republican,Donald Trump,4898
33009,Republican,Jeb Bush,1864
33009,Republican,John Kasich,3475
33009,Republican,Marco Rubio,1923
33009,Republican,Ted Cruz,1716
33011,Democrat,Bernie Sanders,38646
33011,Democrat,Hillary Clinton,28099
33011,Republican,Ben Carson,1725
33011,Republican,Carly Fiorina,3612
33011,Republican,Chris Christie,7144
33011,Republican,Donald Trump,28981
33011,Republican,Jeb Bush,9575
33011,Republican,John Kasich,12504
33011,Republican,Marco Rubio,8803
33011,Republican,Ted Cruz,9587
33013,Democrat,Bernie Sanders,18076
33013,Democrat,Hillary Clinton,12209
33013,Republican,Ben Carson,753
33013,Republican,Carly Fiorina,1511
33013,Republican,Chris Christie,2377
33013,Republican,Donald Trump,10966
33013,Republican,Jeb Bush,3816
33013,Republican,John Kasich,6172
33013,Republican,Marco Rubio,3056
33013,Republican,Ted Cruz,3776
33015,Democrat,Bernie Sanders,31080
33015,Democrat,Hillary Clinton,22829
33015,Republican,Ben Carson,1447
33015,Republican,Carly Fiorina,2825
33015,Republican,Chris Christie,5768
33015,Republican,Donald Trump,28716
33015,Republican,Jeb Bush,7747
33015,Republican,John Kasich,10370
33015,Republican,Marco Rubio,8074
33015,Republican,Ted Cruz,7990
33017,Democrat,Bernie Sanders,15865
33017,Democrat,Hillary Clinton,8801
33017,Republican,Ben Carson,527
33017,Republican,Carly Fiorina,825
33017,Republican,Chris Christie,1233
33017,Republican,Donald Trump,7352
33017,Republican,Jeb Bush,2443
33017,Republican,John Kasich,3193
33017,Republican,Marco Rubio,2492
33017,Republican,Ted Cruz,3322
33019,Democrat,Bernie Sanders,5906
33019,Democrat,Hillary Clinton,2497
33019,Republican,Ben Carson,229
33019,Republican,Carly Fiorina,295
33019,Republican,Chris Christie,477
33019,Republican,Donald Trump,3080
33019,Republican,Jeb Bush,824
33019,Republican,John Kasich,1334
33019,Republican,Marco Rubio,895
33019,Republican,Ted Cruz,951
